{"n_estimators": 119, "max_depth": 7, "min_child_weight": 4.150693935578269, "subsample": 0.6544995301690237, "learning_rate": 1.7131219290099567e-05, "colsample_bylevel": 0.6577564993183647, "colsample_bytree": 0.8553954345468944, "gamma": 9.039042543852154e-08, "lambda": 3.6233206990335254, "alpha": 4.096022209045233}